asset_id,mu
1,-0.0010768365302858255
2,-4.29811413048529e-05
3,0.001717438879514604
4,-0.0013768462221809383
5,-0.0014138457194771933
6,0.002110669152178752
7,0.002270248395819202
8,0.003115167819704065
